{
  "files": [
    {
      "filepath": "/Users/mikael/GitHub/lirbank/talk/src/sorted.bench.ts",
      "groups": [
        {
          "fullName": "src/sorted.bench.ts > sorted.find on 100000 docs",
          "benchmarks": [
            {
              "id": "-1155297053_0_0",
              "name": "array.filter 100000",
              "rank": 2,
              "rme": 0.5546766927057671,
              "samples": [],
              "totalTime": 683.5000002384186,
              "min": 0.5,
              "max": 0.9000000953674316,
              "hz": 1463.0577902723917,
              "period": 0.6835000002384186,
              "mean": 0.6835000002384186,
              "variance": 0.003741491217754667,
              "sd": 0.06116773019946602,
              "sem": 0.0019342934673297811,
              "df": 999,
              "critical": 1.96,
              "moe": 0.003791215195966371,
              "p75": 0.7000000476837158,
              "p99": 0.8000000715255737,
              "p995": 0.8000000715255737,
              "p999": 0.8000000715255737,
              "sampleCount": 1000,
              "median": 0.6999999284744263
            },
            {
              "id": "-1155297053_0_1",
              "name": "sorted.find 100000",
              "rank": 1,
              "rme": 2.787017814578523,
              "samples": [],
              "totalTime": 500.0999987125397,
              "min": 0,
              "max": 0.3999999761581421,
              "hz": 3536426.723761266,
              "period": 0.00028277130508063287,
              "mean": 0.00028277130508063287,
              "variance": 0.000028592987632651944,
              "sd": 0.005347241123481524,
              "sem": 0.000004020860534241542,
              "df": 1768566,
              "critical": 1.96,
              "moe": 0.000007880886647113422,
              "p75": 0,
              "p99": 0,
              "p995": 0,
              "p999": 0.10000002384185791,
              "sampleCount": 1768567,
              "median": 0
            }
          ]
        }
      ]
    },
    {
      "filepath": "/Users/mikael/GitHub/lirbank/talk/src/substring.bench.ts",
      "groups": [
        {
          "fullName": "src/substring.bench.ts > substring.search on 100000 docs",
          "benchmarks": [
            {
              "id": "1171508229_0_0",
              "name": "array.filter 100000",
              "rank": 2,
              "rme": 0.24062423829843788,
              "samples": [],
              "totalTime": 4723.399999856949,
              "min": 4.5,
              "max": 8.199999928474426,
              "hz": 211.7119024495672,
              "period": 4.723399999856949,
              "mean": 4.723399999856949,
              "variance": 0.03362606529474747,
              "sd": 0.18337411293513453,
              "sem": 0.005798798607879694,
              "df": 999,
              "critical": 1.96,
              "moe": 0.0113656452714442,
              "p75": 4.800000071525574,
              "p99": 5.100000023841858,
              "p995": 5.200000047683716,
              "p999": 5.399999976158142,
              "sampleCount": 1000,
              "median": 4.700000047683716
            },
            {
              "id": "1171508229_0_1",
              "name": "substring.search 100000",
              "rank": 1,
              "rme": 2.695407509056311,
              "samples": [],
              "totalTime": 500.000000834465,
              "min": 0,
              "max": 0.30000007152557373,
              "hz": 154287.99974250412,
              "period": 0.006481385471773113,
              "mean": 0.006481385471773113,
              "variance": 0.0006128787753084538,
              "sd": 0.024756388575647575,
              "sem": 0.00008913252586584557,
              "df": 77143,
              "critical": 1.96,
              "moe": 0.0001746997506970573,
              "p75": 0,
              "p99": 0.10000002384185791,
              "p995": 0.10000002384185791,
              "p999": 0.10000002384185791,
              "sampleCount": 77144,
              "median": 0
            }
          ]
        }
      ]
    }
  ]
}